"coefficient","PC1","PC2","PC3","PC4","PC5","PC6","PC7","PC8","PC9","PC10","PC11","PC12","PC13","PC14","PC15","PC16","PC17","PC18","PC19","PC20","PC21","PC22","PC23","PC24","PC25","PC26"
"A1",-0.00133855918671418,-0.00249476624380686,0.00347470100910267,0.0442302645179897,0.0202467446587593,0.0240955464055797,0.0681139874665728,0.00591218568117394,-0.148910605934644,-0.0715067606048797,-0.146752121349987,0.000496825218387895,0.0911399107799671,0.439373680640767,-0.252778278223765,-0.163204161302892,-0.123845969026076,0.19981450238464,-0.110212443322764,0.04908825597573,0.0458886852992366,-0.00489028844734689,-0.0301460087047398,-0.0192640213335869,-0.133026893589354,0.0946016816911481
"A2",-0.00118588351781566,0.00304032731268499,0.00169375603503089,0.00419480171843846,0.00365001706814725,0.000953815051884499,-0.000104571677598173,0.0025992239305061,-0.00900686376478242,-0.00464323434148323,-0.00413760665077567,0.00110230740894363,0.00135214670957492,0.0140642596081745,5.80829370239613e-05,-0.00484469897707187,-0.00385977884070678,0.0131384628702862,-0.000949617053769753,-0.0109119857320256,0.000813265832411547,0.0092488503847492,0.0184903223663425,-0.00224180490138361,0.0406713453392333,0.186771568268307
"A3",-0.00167547047788386,0.00231760732247566,-0.00454291989699824,0.00106102690340059,0.000547824895449391,0.00207621279265241,0.0056054891231048,0.00595119704170105,-0.019487746414939,-0.00515827312332485,-0.0123724339307892,0.00323351608223186,0.0110006916276862,0.0665311170976139,-0.0312308639241986,-0.0195500217152884,-0.00354463602210108,0.0320944424504206,-0.0129590769921548,-0.00884400416216012,-0.0151212183247,-0.00291497328428686,-0.0587868109501611,-0.0496702919774824,0.00411698797300115,0.0307333624325991
"A4",-0.00328185671554872,-0.00281924653431813,0.00326064124930713,0.00508707335439546,-0.0104389818743533,0.00175372709608873,-0.00346321785607735,-0.00128154578577112,-0.00697397761602545,-0.00725408676196265,-0.00723959781910921,-0.00596176893157129,-0.00183732994690597,0.00525466729844272,-0.000165847915293524,0.00421695425815017,-0.0114837520605826,0.00526701079351808,-0.00203067737282968,-0.0190274558857496,0.00113502640492237,0.0100626450070912,-0.0167132675950818,0.0266103220375667,-0.0458054569353204,0.249105497836113
"A5",0.000888872484254469,0.000876953165276711,0.00246902999732543,-0.0115631258718489,-0.00237926426475762,0.00916098100245731,-0.00785615312509312,-0.00222537221777488,0.0110415972336157,0.00801287120908642,0.0176406583136317,-0.00596002822420201,0.00031600422579362,-0.0406580944237368,0.0211516887013115,0.00605516956165812,0.00359522238348359,-0.0298045588994347,-0.00375360918348612,-0.0113275269872172,-0.00731902006453556,0.0524867848545565,0.0138614021075109,-0.0180309665846362,-0.063278617734178,-0.0155833273351496
"A6",0.000489746214639524,-0.00238215762040887,-0.00542876664194709,0.0057682374449939,0.003837389666344,-0.00161439413181597,0.0112635050311729,-0.00167368259044395,-0.00159258617479355,0.00683458657245916,-0.000390199416503849,-0.00543467387205472,-0.00313260512246434,0.00408879892046729,0.00411267745132688,0.00107906257464699,-0.00344897841675525,0.0124910704289135,-0.0116661675647647,0.0145813504477566,0.00801717692860307,-0.00926140430134569,-0.0109112931867002,0.0656585931826768,0.132469680729123,-0.0384378116490926
"A7",0.00069656211282945,-0.00342035213360326,0.00405968360659557,-0.00110325192731981,0.00372849694429734,-0.00893019908675302,0.000869856457075411,0.0015229151786131,0.000752132076877946,-0.0139562706438976,0.00265114414076286,-0.000983451816414911,0.0025941514374135,0.00274382382432828,0.00468145915621654,-0.00274628430372056,0.0204254018337379,-0.0109718545679113,-0.0034604815497303,0.0188546734958395,0.0264535291673614,-0.0354776710155044,0.00513176605299165,-0.0105998962684858,0.0106953232667043,0.0163453133685612
"A8",0.000678202716210158,0.000900686523669791,-0.00309513722418683,0.000481357099470206,0.00135584740014608,0.0035784825021355,-0.0117843662281309,0.001431520047741,0.0052733591342536,0.00893889727118946,-0.00828455087774386,0.0101004243167859,-0.0112139317726104,-0.0118408122186081,0.0147177111908605,0.00358858112213795,-0.00869370956024271,-0.0116730967873574,0.019403977175335,-0.00644612111157204,-0.00701697019117074,0.0116321978087037,0.0078179624266999,-0.0223809400334873,-0.0525704490950981,0.0373220773509762
"A9",0.00120334859418759,-0.000895613446708501,0.00085315713676371,-0.00157477209633906,0.00694949595966396,0.000174059664587528,0.00378932982350034,0.00119460523398097,-0.0080964431094073,-0.00556693945462173,-0.000694458577406882,-0.0069354364332204,-0.00635215004327302,0.0243847703466231,-0.0347906888828218,-0.00762390232651412,-0.00144483600307308,-0.000643549668179835,-0.00281039359613921,0.00634501282533397,0.0264845148293978,0.00592189291027517,-0.0038231505296822,0.034806840719252,-0.0197648091349297,-0.107169521047117
"A10",-0.0010475448737868,-0.000379441930948912,0.00146822507303146,0.000863751870996666,-0.00644497951998517,-0.00884994700039579,-0.00419187551020048,-0.0069254038834908,-0.00625701425835921,-0.00608308826560015,0.00238344405492516,-0.0147932981550627,0.0117548737081406,-0.0238109544675376,-0.00248426931081234,0.00207067957438056,0.00117280869708813,0.00278692463724148,0.00511340248666877,-0.0037970729876531,-0.00865394557606041,-0.046518097911246,-0.0379945322931105,0.0129315865694505,0.00988320085067207,-0.0149814294933625
"A11",-0.000180563617107591,0.00104799573700416,-0.00447443037562684,-0.000614495008612717,0.00418838377932378,0.0046944827395937,-0.00848717795883891,0.00260171406456271,0.0102307328594081,0.00830834764898642,-0.0143584847818294,0.00186107642917149,0.004004789420378,0.00671325298544375,0.00707696110633608,-0.00836555233967843,0.00619255660299932,0.0199024524809782,0.00535375593683222,-0.0147672858105922,-0.013666452767034,0.0290161332957098,-0.0407069450509703,-0.0537433965416378,0.0299941013575312,0.0700878533734942
"A12",0.000695791477971575,-0.00120601044472453,0.00343722309494285,-0.00294709238755137,-0.000812370547887775,-0.00382287481603039,0.00187374712918352,0.00218364206690315,-0.00276045790334028,0.0086798857834522,0.0043884927907264,0.0039503027041007,-0.0147649020448341,0.00681799025705209,-0.00163796710707772,0.017576832941349,-0.00292166469370204,0.00586207626903612,-0.023381746415461,0.00406775936569085,0.021523553264656,-0.0233710700374383,0.0140158189338884,0.0182630302216836,-0.0537915798269746,-0.0366137691875275
"A13",-0.000865293815512468,0.000460484477876302,-0.00275259598253556,0.0045046391645509,-0.00374248972214504,-0.00115480956804115,-0.00221700726854467,-0.00775421818489312,0.00581393802718427,0.000442465498604922,0.0162264190637514,0.00279707145043075,0.00838101087016276,0.0110501043218731,0.0182608968659247,0.0157824721568197,-0.000640993881231595,-0.0232048032851998,0.0244978311925104,-0.000470398820228012,-0.00952011309066987,-0.0362565037010896,-0.0333891706422263,0.0339098280975254,0.0139130912590918,-0.0415369739292197
"A14",0.00102152729099922,-0.000696589071235652,0.00123531755104484,-0.00517929010254725,0.00370184081301403,0.00664938644303265,0.00824286603451988,0.00101087650875737,-0.00492017334501728,-0.00471047926379662,-0.0049304338944998,-0.00809310263265245,0.00916732108456879,-0.00375985783614777,-0.00179028781952764,-0.0124212557718629,0.00214775920990746,-0.0229805292753106,-0.0207444876886642,0.0220029951073262,0.0415835606476016,0.0556353650756272,-0.00552227656560199,-0.0343769581827588,-0.00868723923749905,-0.00850448383589697
"A15",7.88992646597498e-05,-0.000674564081640305,-0.000355727526580475,0.00254981061486868,-0.00621679335051625,-0.0049493896080718,-0.00173360022282583,-0.00148402237304482,0.00491119218370955,-0.00202361125671039,0.0131066328382446,0.0166815317520598,-0.00791255917903918,-0.0275585312444269,-0.0108520197688862,-0.0099479301012564,0.00723613062697119,0.0140096405769431,-0.0166196478416493,0.0046356097300684,0.00234711572411629,-0.0644510757900005,0.00414463344491618,-0.0125500636386082,-0.0504401613900983,0.0374317360604598
"B1",-0.664200975650691,-0.0103648981917626,-0.1039326271069,-0.136430984036398,0.0714324340082525,-0.00495280695531775,0.0649342214937535,-0.035293909193763,0.00615658596618908,0.00445372062169603,-0.0498964766197723,0.0409244493161776,0.0933505991024858,0.0137194836462914,-0.0846502032971961,0.127624271099001,0.0979449753714242,-0.0930989029306718,-0.196797341951631,0.103409598166914,0.109211216712147,-0.104190740795799,0.422791927520109,-0.219623618888064,0.170849685189683,-0.262691228687147
"B2",0.10666592131027,-0.35338076910935,-0.123242528395947,-0.355658441907066,-0.377041450408431,-0.128104548505138,0.186658155431325,-0.24889390131587,0.515203776092506,0.242999493650044,-0.175618518417355,0.121270691735419,0.102920652406558,0.0749088564482417,-0.191314431000781,-0.0553951131636485,-0.084730011667525,-0.0886495873065493,0.00125400457055038,0.0200853753777812,-0.0211784612861797,0.00412100235135306,-0.0477974211536478,-0.0532774980151005,0.0349660296826703,0.0689305864034546
"B3",0.088470348501235,-0.213311443948232,0.44092126019915,0.330987392662643,0.152880483850566,0.124643283886931,0.190640101079537,-0.407208184332847,0.00156171515876435,-0.164151067098246,-0.305032291503815,0.139417691833716,-0.000335405644150922,-0.198594994620725,-0.0937408591522703,0.306413739435329,-0.150342527190252,-0.0768946254697433,-0.192919723581664,0.0417310998086143,0.0500850691859722,0.0112799690339048,0.041236708618353,0.177355960047926,0.0817297958493502,-0.000408115498420993
"B4",0.175786019644087,0.177661359906294,-0.208693864290896,-0.177352675683984,0.609358704917287,-0.0505983215138841,0.299688336811723,-0.0337436561203036,-0.0416984854816481,0.149464825966732,0.088165126044282,0.371136629908681,0.32110781623355,-0.102914936035741,-0.207874973961669,0.0407298246442464,0.0277706031206678,0.0199308231963709,0.0921278327623764,0.0194966850771637,-0.127988976726255,-0.0763971957866695,-0.0557395519036395,0.0246380500630875,-0.00931399747733014,-0.0652369361167669
"B5",-0.0231603543842517,-0.0190628412973918,-0.159490382470046,0.313203701208991,0.0228403918352361,-0.552501217490867,0.128995834990374,0.161391649015211,0.11600497975256,-0.138844284953116,-0.198307021791968,0.182122308876591,-0.324496846284944,-0.0165408917063998,-0.00530608546162102,-0.0219473593449252,-0.125994455813101,0.0374558878306189,0.35163397460456,0.277182458346589,0.0212665384518615,0.0140136691708605,0.0207260932334594,-0.0592836355440259,0.0491447859786572,-0.183780612205847
"B6",-0.0157773068647743,0.0726469845048487,0.231806595577354,-0.176674904967708,-0.151793109873255,0.083874994511038,-0.41556818872005,0.0859985466624893,0.015835911650811,-0.246302497288179,-0.133674773475812,0.278743188926361,0.0835313382131461,0.0725546602666032,-0.331568266565768,0.0919435324933937,0.239571430286692,-0.161930009899505,0.152297944342248,0.131496161395908,-0.311125657157769,-0.0649739200564513,0.021312400657114,0.0604547662227812,-0.104949874382768,-0.163686789687679
"B7",-0.0160601589234217,0.123595461765074,-0.164341387105586,0.0493142132364968,-0.0948562487008691,0.319191910574307,-0.067564548864015,-0.0833618502496537,-0.0727967694571967,0.412228851953667,-0.0323291379699589,-0.136051100925773,-0.0882549889416458,-0.204671534387966,-0.297970350038928,0.212679365894736,-0.324841670664638,0.208730744991787,0.279501862704998,0.0356366478708898,0.0892018018737353,-0.00239943177052737,0.195419952397668,-0.00581436778421624,-0.183697275207751,-0.041960444752249
"B8",-0.0170711755728761,-0.0316999195170032,0.0959861513738823,-0.071673833496855,-0.067844775892967,-0.155586241506949,0.282758074107993,-0.0124545511906966,0.0859172843586861,-0.19526429314974,0.370304672088708,-0.30689401939899,0.148438316153711,-0.0375600137237876,-0.0786152008528627,0.0805318012132015,0.0822304116305864,0.227551542050512,-0.198840788975292,0.0558861424512006,-0.280220596777822,0.247542980870108,0.0683604106227203,0.119003402801514,-0.0607056885235265,-0.146095808562737
"B9",-0.0333696381536224,0.0192015227543672,-0.0223633099312971,0.0904078440946482,-0.136768867400505,0.0242727409045912,-0.00811236147603765,-0.00616099553461099,-0.016702782121391,0.0427814985873859,-0.197698996217251,0.172294610237001,0.339461717129951,0.0114006760180725,0.47667750371176,-0.0187543115071859,-0.0341816737071842,0.323753069384572,-0.0463732399442558,0.267579398902621,-0.150531510096412,-0.213909508055998,0.337910871644079,-0.00852036947055473,-0.140635768138546,0.251737552438137
"B10",0.0211888624518891,0.00598591269670926,-0.0259055180392649,-0.029880146905452,0.136961401106298,0.201324777776361,0.0388004232264686,0.117934436073127,0.192876578248006,0.184767535336105,0.0375862405486858,0.308589802238503,-0.311733787573745,0.271477051578281,0.149104346383281,0.0144570199877769,0.107372247728241,-0.168332502012746,-0.168243138604518,-0.0349482600550093,0.00725751262878693,0.427003832139962,0.284281381265556,0.235089433985018,-0.0923493180533748,0.0508945026168737
"B11",0.00681889757903785,-0.0256146633555123,0.100983966384231,0.00878485521388876,-0.0949036225068128,-0.106098127252614,0.223857641517632,-0.0315929623837458,-0.215594057000781,-0.168428027007575,0.235759745408867,-0.0253403943724969,-0.163812074358389,0.0806608576009968,-0.204975144109273,0.108121560784356,-0.178559603431894,-0.304507399663288,0.0825728918578451,-0.0189545685347362,-0.206029745625092,-0.107357855873811,0.29146167237123,-0.28963889587232,-0.185943640689849,0.297977599542865
"B12",-0.01601066455744,0.0300258553868203,-0.081829748277661,0.0700244798988372,0.036242202064058,0.0819874182436924,-0.0442401959149702,-0.0436137867117613,0.0352145588482501,-0.171614352029507,-0.0557629759217534,-0.105898218503764,0.354429121704026,-0.183950239381853,-0.0586963510382532,-0.388743112392274,-0.0482342990741409,-0.272089669792009,0.279579923900001,0.124601470411827,-0.143098247673283,0.225526732790804,0.175072556559085,0.130049448961104,0.226705946863045,0.274393419447355
"B13",0.0162809964749512,-0.00894917129395848,0.0527684452798136,-0.0927678677830339,0.0409424793250618,0.00201394588264188,0.0180287789941392,0.158709191600786,-0.0762091963008059,0.0100001079341029,-0.285279774866814,0.000648839897495769,-0.238222235032376,-0.347967328491188,-0.199405325914473,-0.233485997225413,0.106190578248005,0.32894972631003,-0.169140732139223,0.112241945634633,-0.164660228981969,0.424462446421698,0.142914591035132,-0.12079953081051,-0.0501048958852702,0.072817923086992
"B14",-0.0152547871702133,0.0101070922412347,-0.0183379981340229,0.0880482063922208,-0.0535010013448884,-0.101496078896717,-0.121083929813033,-0.00828872363470916,0.0729131765892402,0.0460261391458096,0.078497060928505,0.104900113110201,-0.123676965030422,0.135195080778996,-0.0642592787949426,0.1165448807574,-0.0498996649527613,0.323606509682489,0.120385874876048,-0.39705617043463,-0.408964220536563,-0.179019493945375,0.238799451125401,0.355393028754829,0.286461141470251,0.0171120172418436
"B15",-0.0014964216003195,0.0106230540959922,0.000247771086225975,-0.0465637669357688,0.0881291812019025,0.0766138739368985,0.023685345950012,-0.00787720936446201,-0.043542257010631,0.0477770829985183,-0.181648625080005,-0.275065444740674,0.142946733503312,0.325761559231156,0.219124458199493,0.327948085031352,-0.201993518790536,-0.149147052100356,0.327011950435507,0.0509753814784816,-0.23330163323276,0.401829968371586,-0.00234498778549199,-0.0719694504922276,0.00124275813702198,-0.168419420046403
"C1",0.639966231347838,-0.0256527899936331,0.121972179921525,0.0961545188506363,-0.0314863881792556,0.0601127094092063,-0.0599139982497923,0.0427916675232163,0.0238800455478606,0.0973562806181612,0.119608843446752,-0.0680109676987126,0.0480864794003755,0.099125692382605,-0.00640211890892914,-0.0787403128602517,0.154024252033886,-0.00561613469037886,-0.0364198839866558,0.148023525214038,0.0869948947143798,-0.107378336778586,0.418951244086679,-0.300153471355344,0.168156717406147,-0.307084187133768
"C2",-0.00312040312221409,0.712903575017199,0.237440044699946,-0.0393273882422096,-0.0159455064670945,-0.265365897050996,0.0875331275867363,-0.266276254931013,0.250532303357014,0.123353889026927,-0.128985313618511,-0.189725302865379,-0.0516969357719867,0.0427710666021371,0.0295221394493946,-0.167685746676523,-0.0693353125095098,-0.0966348275240386,-0.122263709313531,-0.045054031114361,-0.0368216919902382,-0.0638896837754491,0.0827462296695097,0.0711568476771318,-0.134330906938349,-0.0411836053632041
"C3",0.21102428221935,0.167166299858574,-0.407729056298146,0.147553043972922,-0.175563384340273,-0.083464805465666,0.0132659228633289,0.373657628821773,0.0827369933747449,-0.204911292301979,-0.24050955355504,-0.0156422494955,0.231423271411215,-0.101318519153651,-0.0912769669157414,0.362663157838751,-0.0757259402449245,-0.170535139565217,-0.356742917667284,-0.213465584044387,0.0389974994379475,0.0371103532285581,0.0511061570346228,0.0484970896628637,-0.107903075970055,0.0361861441764677
"C4",-0.108159900301782,0.309441942975445,0.358091477080817,0.142051066862184,-0.0767382273471381,0.091355733210706,-0.0571847177566312,0.311485176095642,0.228878020959564,0.145576782279615,0.0754272005468179,0.215506226314992,0.117234826818612,0.042032911367181,-0.112628332426927,0.108268832477062,-0.0835385515108816,0.00551630268165778,0.0350416785290424,0.0371948638983733,0.136257856092108,0.0947000262666265,-0.148335619493207,-0.22407227732281,0.242965899603546,0.201619334481716
"C5",0.0867102090796234,0.316407091399961,-0.250506639527048,-0.125014973140569,-0.308870843973519,0.2728290223483,0.281112047994536,-0.125542987879932,-0.16441448535848,-0.180063187270142,0.038516843365613,0.0202854049581148,-0.235194430861447,0.0163183386788379,-0.0741876908386473,0.121484503752904,0.166474060405886,0.00341017913438886,0.0346435944317782,0.36071326851565,0.0719357044472773,-0.0565595352161505,-0.0505271507229357,0.226521754847588,0.30658050738889,0.0901198693040507
"C6",-0.133188017538005,-0.0731873157428896,0.155524722851169,0.245196760688197,-0.133797741190791,0.220208820377386,0.270297836193448,0.313004412926314,0.301133058837323,-0.0224607207717688,0.181291300954,-0.065919003306202,0.191156442762029,-0.0846436953620239,-0.116151536796083,-0.0833247518685024,-0.024355849999831,0.114565029045493,0.143000045871945,0.098928743079853,0.0453599379453563,-0.0504136703191879,-0.0427391737146044,0.179387103212003,-0.164091269245222,-0.227969346403157
"C7",0.0269886769155546,0.139447353576832,0.0860937730806081,-0.202816389142085,-0.254648892717263,0.187551137420455,0.26093117283291,-0.0341754254299532,-0.155311499800973,-0.17469651759629,-0.136095273178902,0.301313959856656,0.00117368195633799,-0.132688605573769,0.273625722606029,-0.0701612203793781,-0.125411550692229,0.114544837720814,0.0901046977487668,-0.293384496239761,-0.162513387069815,0.0755456566813355,-0.150662027737949,-0.296975742385186,-0.00610465610618844,-0.29748034890882
"C8",-0.0689095000274206,-0.0262709408953152,-0.143749242514409,0.321043737404301,0.107008628539717,0.327310928182944,0.282543548533965,0.0426270362060032,0.233443335235477,0.0124354227395491,-0.0106144176723159,-0.0254227822951629,-0.180015209668894,0.124952484018754,0.0488630031634813,-0.119954245826037,0.141955263520038,-0.0982220404371422,-0.0367656612541135,-0.0833895777941917,-0.327044588169425,-0.171871634831573,-0.09084653686022,-0.274558252791153,0.0731365576722505,0.115698271700268
"C9",0.0305865496880073,-0.0429739470582356,0.232829407874932,-0.247270048469654,-0.00338682840545347,-0.0766163155965053,0.337114512913295,0.212184367866285,-0.0697922648569798,-0.101413639421714,-0.0807956410086944,0.0168528755659553,0.0407186413376463,0.097039171215706,0.094616796255452,0.0801349280336612,0.193647606174328,0.0491563513501565,0.324460750139556,-0.173439437727244,0.399459217396686,-0.0159325010159002,0.210020576275535,0.189904892327406,-0.0475666599045497,0.153877791715842
"C10",-0.0512273085451505,0.0574330608157694,-0.157720838107246,0.285679785191555,-0.0562318812027066,0.116098431258388,0.0119061525538265,-0.241003384243049,0.01607302837341,-0.0670220518910943,-0.197851097314965,-0.0432737194431264,0.0529465206617874,0.0409777571681457,-0.0815746288523133,-0.183711485412334,0.409243505737298,-0.0706476944414095,0.196809769758438,-0.273286451365944,0.118127476871495,0.0137198911909509,0.0861812181855282,0.0574335755135583,-0.302577147611994,-0.156780752523073
"C11",0.0449646075309952,-0.0406345921180434,0.10858841929227,-0.257102955854637,0.221722947929764,0.0876503105707428,0.0445060621268806,0.216897642900158,0.155484122679214,-0.0904315298490817,-0.286964948013438,-0.314486106702,-0.145276976543047,-0.112984710348915,-0.103212628003713,0.0555722337571148,0.0819630187112066,0.0674337927150362,0.097903825925217,-0.207218774711369,-0.0484038282087373,-0.246568015260522,0.0743476653822652,-0.121347493764058,0.0355940254935527,0.149584474618338
"C12",-0.0332562533813108,0.0269308666406952,-0.00844102162655813,0.202941432798683,-0.12468372758604,-0.20181822926136,0.0352740856416549,-0.15857389385719,-0.109793629178041,0.186702720321472,-0.028928027067985,-0.0549084158419034,0.183411578775017,0.00425652946718426,-0.103430619257887,0.194297810568552,0.391321957537992,0.150608185964477,0.0776766493168968,-0.197717005383079,0.0496113491308974,0.251379572217009,-0.0447918448836501,-0.244442198028587,0.308048988783542,0.136417187177258
"C13",0.0361089246796374,0.0455836929093004,-0.0688087385073866,-0.121092500641059,0.238424963122086,0.119834234213253,-0.114153388600645,-0.0777846544079407,0.315002023944816,-0.239108713246786,-0.153810799079913,-0.222664992192507,-0.0528716210812008,0.106308631694389,0.10632908197245,0.197665533206579,0.0996702759291528,0.195893519164608,0.0304717184116769,0.235560729809745,0.0199336963232244,-0.0635841012086385,-0.110296551313937,-0.0714279328674355,0.073025709293734,0.00511293481812536
"C14",-0.00957994933707652,-0.0371083334823869,0.112412890789131,0.0363892420944788,-0.0625784291576122,-0.113001129553992,0.110968595552351,0.0737479663957637,-0.145412516585913,0.343528184995507,-0.0778706955301532,-0.0197543264296968,-0.0106407012277975,0.00830352384322173,0.0184377692249031,0.230710922208061,0.395459916679506,-0.043216811230804,0.0113099612616047,0.268608502427851,-0.242254941584236,-0.0943436603963103,-0.206199563345663,0.0401999457768927,-0.286104084129318,0.0959543047000764
"C15",0.0168814396171302,0.0660896317996423,-0.0996173125605857,0.0160052817435703,0.0526168570326274,0.0100185933437269,-0.152522623977391,-0.270854005988503,0.275402841418269,-0.326982734177591,0.306513926505887,0.199830691911057,-0.0224287631693506,-0.00376741022460224,-0.0214239716589853,0.190668643575891,0.0523696594965675,0.263877029943737,0.135528868964566,-0.0154114521417174,0.147938775880315,0.156672295452094,0.0371477361085563,-0.22094004575889,-0.266177619583533,0.177989600974933
"D1",0.00730843990134319,0.00226567885142449,-0.00319552411721081,-0.0477769937593349,-0.0213120543983617,-0.0263421020926868,-0.0735120733652331,-0.0061647497987578,0.166410303374981,0.0803225404883969,0.161995746357704,-0.00545057449855096,-0.0967838013029679,-0.477449970235078,0.276147586895516,0.164935533764334,0.124137568937511,-0.228218809978849,0.114271438961815,-0.0299548576653548,-0.0734211665400214,-0.0151762009906772,0.0873044763476334,0.0189835712785353,-0.0177469641755256,0.0283536035957476
"D2",-0.000220518515541343,0.00644049871087619,0.00268992834963102,-0.00110301764253788,-0.000299815658551485,-0.0025215520537731,0.000220000059201476,-0.00220564578390978,0.00485646686784477,0.0035710226043104,0.00152084162286816,0.000828517339672573,0.00291077741332961,-0.00126541340331504,0.0054519924692264,-0.0086905040536446,0.00118321928338964,-9.90427374350447e-05,-0.000693333725003349,-0.0117824411794754,-0.00106657450320793,-0.00927011609888187,-0.00788114507432051,-0.000218502539474097,0.0203393315985326,0.0125504376490277
"D3",0.00241577886011389,0.00153705419454792,-0.00444246955019598,0.00390102436308701,-0.000787963186858757,0.000460792825962923,0.00480063663972211,0.00458194093838422,-0.00363482377112864,-0.00334377871404672,-0.00920986356286628,0.00188853223905275,0.00862628710374451,0.0282569347078757,-0.0119562244848379,-0.00748173264188188,-0.00619021480110671,0.0098131305110851,-0.0147967052699638,-0.00170191648238472,-0.0285980809225017,-0.0254167733501904,0.00334338888219765,-0.0300172734473297,-0.0855086215914633,0.0380128472550223
"D4",-0.00226887324457937,0.00592638286733068,0.00654251488757529,0.00410249217133269,-0.000704853127989843,0.00216124565417294,0.0023454248361672,0.00455495198996453,-0.00370237561189149,-0.000723174004787474,-0.00612684142201399,0.00643284672207232,0.00832038808087381,0.0198507279240339,-0.00454285298613005,-0.00779090798768788,-0.00695328305467474,0.0115226617948695,-0.00199133629991591,-0.0260443516191835,0.0112516363981677,0.00985225694476817,0.0183304447513318,-0.0354853386455729,0.0156137617566409,0.0394892590386615
"D5",0.00143409925294272,0.00626032060985181,-0.00423044289402281,-0.0021247556894219,-0.00605439742658978,0.00698705707074802,0.008845014285944,-0.00146294673807226,-0.00399785009751064,-0.00227007608813287,0.000299586081680157,0.00682286074563521,0.00347854731672876,0.0201203604497901,-0.00542371827819485,-0.0138195601384794,-0.00707517652184955,0.00603035960520422,-0.0166066593508205,-0.00341644329209062,-0.0285738092672174,0.00173836391577056,-0.0195149017983939,-0.0168269680938739,-0.0473244310985542,0.00427753932832264
"D6",-0.00375791962277965,-0.00156964415060276,0.00398345853898385,0.01113821719046,-0.00254533163151447,0.00814677429058713,0.0143814430729813,0.00615811983407077,-0.0105873329024388,-0.00964373736079975,-0.0137967881201389,0.00103794636827957,0.0131140010814035,0.0339240135654532,-0.0196926271644236,-0.00564277209720348,-0.00910107135212559,0.0260220788506528,-0.00824719049008978,-0.0176481861220767,0.0217499257330934,0.0221713115397626,0.0142684113408884,0.00511879643400801,0.0657587642659781,-0.0178261565325566
"D7",0.000742607692931501,0.00452436676946311,0.00231022584555384,-0.00845986995347901,-0.00820767309620398,0.00547932551216534,0.00503297719718059,-0.000837875833142366,0.00478321560068423,-0.000964889360560996,0.00752348979274278,0.00985548881499287,0.00219610946996022,-0.0239029951271771,0.020572321973419,-0.00582142879871143,-0.00665065106011405,-0.0160433297693001,-0.0112711709808744,-0.0171027440395924,-0.00625714208421753,0.0147762529568262,0.00494689951688354,-0.0520759913824792,-0.0584211812753491,0.00963597716029304
"D8",-0.00246194980691619,-0.00124197943629848,-0.00437888572768085,0.0144244677878653,0.00334307410708002,0.0123255539535908,0.0157824116973422,0.00255798408195746,-0.00344101125986651,-0.00531132947686042,-0.0169248978457914,0.00565771723407241,-0.00201651295414423,0.0339650536241274,-0.00713014144803699,-0.00273776089876708,-0.00351522512001651,0.0261553453042817,-0.00295891845526541,-0.0103758534137904,-5.06422214636739e-05,0.024109200552021,0.00724633111686073,0.029147528889607,0.159184994022482,-0.0193123027813153
"D9",0.00136331039708318,-0.000994229858932527,0.00785612799145621,-0.0103271598637474,0.0011815055467802,-0.00209373434933062,0.0103907873326879,0.00704722621667186,5.72881674852756e-05,-0.00338525844552931,0.00491378629208747,-0.00397050442901051,0.00329061765817855,-0.0116122188857246,0.00435984576160331,0.00277555648039485,0.0176799193202307,-0.0208555180178763,-0.00972268889408505,0.00201788012955272,0.0613284506459275,-0.00228096079422236,0.0490659741490915,0.00401600856129699,-0.015936717417948,0.00547778335551509
"D10",-0.00226663781657187,0.00203105252250652,-0.00587825646072187,0.0117506402277718,-0.00477489384083712,0.00388136488590188,0.000572127452898098,-0.00924274420126992,0.00341560015381853,-0.00134181305759966,-0.0105066274024607,0.00360588660326444,0.000256521877173656,-0.00511508100334619,0.00676315775227712,0.00126020531432993,0.0120475585622689,0.00954994565420486,0.0248133379160294,-0.024186061424233,-0.0194149487011989,-0.00699415162884547,-0.0215668108063807,0.0563779544554268,0.093936657688786,-0.0578249598988725
"D11",0.00232445099398057,-0.00166944223766809,0.00456198265272197,-0.0109389515794401,0.0131310000882126,0.00553509190854604,0.00501470225933796,0.011142161903155,0.00175625431603995,-0.00833415006003104,-0.0183016557988506,-0.0185846053438245,-0.00139083847956585,0.011778211698197,-0.0207724013889185,-0.0112395818534742,0.00695193283507762,0.00295145076945839,-0.0166242925383434,-0.00571294539024051,0.0498475252047645,0.0277259179349201,0.0391842331063359,-0.0104546337845485,-0.0324194903335922,0.0120713108815313
"D12",-0.00183340283055953,0.00142631543579674,-0.000276826885718957,0.00928738747860102,-0.00830828763717507,-0.0116478059111641,-0.00145486310836214,-0.00915422274974059,-0.000524439087246694,0.0149778568747686,0.00371793616091731,-0.0024902382506839,0.00533963171536471,-0.0220935007463343,0.00701612300355511,0.0231112088991902,0.0252788156148343,0.00257797190499119,0.0183503504495971,-0.0122572254320897,-0.0197958013277538,-0.0537506785722332,-0.0134030399574448,0.0523373719569924,0.106192791436188,-0.0363121761384996
"D13",0.00213626813268858,0.00211855747972896,-0.00306342145146463,-0.00587519369266473,0.0147673441329029,0.00711557923558347,-0.00226684684309439,-0.000536933340526933,0.0133481505788631,-0.0164392267580646,-0.0171029458532478,-0.00961257458127216,-0.000841550496163356,0.0318245714657268,-0.00690044361758416,-0.0151535674765685,0.00513090905956427,0.0232738639881264,0.00171194927149761,0.00939808682732515,0.0169548645344164,0.0280892194177672,-0.0219566427953166,-0.0084474169130737,0.0179367731915625,0.0382579470052013
"D14",-0.000612911190846326,-0.00173101988677431,0.0056860582179472,0.00250047055992622,-0.00368420234591311,-0.00683048372348987,0.00525990363588164,0.00259210155974945,-0.00948862270469703,0.0219003306727554,-0.00143485387316597,-0.00642447340866607,0.000742751706325919,-0.01099583931293,0.00074592023457761,0.0229304035067006,0.0227145422298472,-0.0157360822661052,-0.00275522454249517,0.0158715112994843,-0.000251600289006234,-0.0213670122998087,0.0259666150840897,0.0269661055254608,0.006297954812322,-0.0165327588648164
"D15",0.00100433061335291,0.00376737204402156,-0.0053710934429859,0.000523687081055117,0.00274954724592485,-4.54027495785043e-05,-0.00829066654443728,-0.0140423185539134,0.0193852383321737,-0.0215136156355392,0.015626450301525,0.0186294333386179,-0.00326297269736633,0.0072659198859747,-0.000932623740347436,-0.00561696014139265,-0.00142670688831837,0.0274322219711722,0.0278650311980725,0.0126636060586938,-0.0154832435642615,-0.0228257749000802,-0.0247176806969684,-9.8493810414818e-05,-0.0586271711163755,0.0388036234358884
